1292026379459014656 2020-08-08 10:14:28 W. Central Africa Standard Time <OmarPrisca> I come online and #LAYCON is trending more than our president's wife Aisha Buhari and Ronaldo. Haba! If you're not already a fan, I don't know what to say to you.  LAYCON is the CONTENT of #bbnaija #teamlaycon #LAYCONtent #LayconIsMe #LayconTheContent pic.twitter.com/DFaMUaV3Tx
1291125349737041921 2020-08-05 22:34:05 W. Central Africa Standard Time <UBAGroup> The #UBABumperAccount rewards you for saving!   With just N5,000, you stand a chance to win N100,000 monthly shopping allowance for a year!!! Click to open now and you might be one of our lucky winners this month! #AfricasGlobalBank
1292026378410512391 2020-08-08 10:14:27 W. Central Africa Standard Time <RolandReturns> PLAZA SHOPS FOR RENT ALCON ROAD WOJI, PORTHARCOURT. ( SHOP/AGENCY/LEGAL )              = 250K CALL: 08067526331 Aisha Buhari  pic.twitter.com/M1Z1bgqHMN
1292026366062284801 2020-08-08 10:14:25 W. Central Africa Standard Time <9jaTrends_ng> Aisha Buhari flown to Dubai to treat neck pain  The wife of the President, Aisha Buhari, has been flown to Dubai, the United Arab Emirates for treatment of severe neck pain.  A top Presidency official confirmed this‚Ä¶  https://www.instagram.com/p/CDn3bOzAfwQ/?igshid=6sc4i2lgmcm7¬†‚Ä¶
1292026341651611648 2020-08-08 10:14:19 W. Central Africa Standard Time <Lexanyi> June 2, 2016- President Buhari, represented by Vice President Yemi Osinbajo, flagged off the Implementation of the UNEP Report on Ogoniland and other impacted sites, aka Ogoni Clean-Up. #OsinbajoDay
1292026265353027584 2020-08-08 10:14:01 W. Central Africa Standard Time <Buharibawa> You never ever call me chairman. Hmmmm so that's how it is
1292026254120628225 2020-08-08 10:13:58 W. Central Africa Standard Time <enuma75> Aisha Buhari reportedly flown to Dubai for medical treatment  https://www.easyclickng.com/2020/08/08/aisha-buhari-reportedly-flown-to-dubai-for-medical-treatment/¬†‚Ä¶ pic.twitter.com/4LmbE047YL
1292026187246645248 2020-08-08 10:13:42 W. Central Africa Standard Time <DotunZen> If you voted Buhari either 2015 or 2019 and you're complaining   GOD WILL PUNISH YOU!!!  https://twitter.com/MobilePunch/status/1291835962683785219¬†‚Ä¶
1292026176811044864 2020-08-08 10:13:39 W. Central Africa Standard Time <Shakapostng> Aisha Buhari flown to Dubai to treat neck¬†pain  https://shakapost.com/aisha-buhari-flown-to-dubai-to-treat-neck-pain/¬†‚Ä¶
1292026066513596416 2020-08-08 10:13:13 W. Central Africa Standard Time <Buharibawa> @ZM_Hamdana let's sharpen our pitch forks
1292025956002078720 2020-08-08 10:12:47 W. Central Africa Standard Time <9newsng>  https://9newsng.com/breaking-aisha-buhari-flown-to-dubai-for-medical-treatment/¬†‚Ä¶  BREAKING!!! Aisha Buhari Flown To Dubai For Medical Treatment The First Lady, Hajiya Aisha Buhari, has been fl...  pic.twitter.com/Ilk10bitDx
1292025925547233280 2020-08-08 10:12:39 W. Central Africa Standard Time <bzayyad> Laa ilaha illallah https://twitter.com/Mus6ey/status/1291967738135617537¬†‚Ä¶
1292025868202713088 2020-08-08 10:12:26 W. Central Africa Standard Time <Olufcrown> Buhari has been in power for 3 decades sir, that's y he's called a Dictator
1292025850142097410 2020-08-08 10:12:22 W. Central Africa Standard Time <solex54> DonaldTrump all the way to reelection. Every time I see @JoeBiden he reminds me of @NGRPresident Buhari who Nigerians mistakenly Trusted and gave him their Votes. Currently the country is in a serious Mess, *Mass killing everyday,Corruption  vis a vis. @realDonaldTrump PRESIDENT
1292025818932228096 2020-08-08 10:12:14 W. Central Africa Standard Time <Buharibawa> Atletico Madrid Vs Almighty Liverpool? https://twitter.com/itsEmmelex/status/1291834549614379009¬†‚Ä¶
1292025817653018624 2020-08-08 10:12:14 W. Central Africa Standard Time <FemiOjosu> Whenever I remember Buhari still has 3 years left at the helm of affairs üòî
1292025809339908097 2020-08-08 10:12:12 W. Central Africa Standard Time <Ifyukah2002Ukah> Amen üôè https://twitter.com/ogbenidipo/status/1292014030857674752¬†‚Ä¶
1292025762858631168 2020-08-08 10:12:01 W. Central Africa Standard Time <AbiriJoseph1> Those who voted Buhari are the ungrateful idiots who protest for fuel at 85 naira with insults but keep quiet when fuel price becomes 148 naira  pic.twitter.com/skjXU6QM36
1292025723142787073 2020-08-08 10:11:51 W. Central Africa Standard Time <Bernard08074538> AM VERY CONFUSED WHY IS BUHARI AN APC ALWAYS USE ASO ROCK SEAT OF POWER AS THEIR POLITICAL RALLY POINT??
1292025679446327296 2020-08-08 10:11:41 W. Central Africa Standard Time <picturenews4> Anambra monarchs prevented from meeting Buhari   Some traditional rulers from Anambra State, who arrived in Abuja to see President Muhammadu Buhari, were prevented from meeting the president on Friday. Although, no‚Ä¶  https://www.instagram.com/p/CDn3HX1DYF4/?igshid=1irgcqqrjozh3¬†‚Ä¶
1292025671825358848 2020-08-08 10:11:39 W. Central Africa Standard Time <only1garuf> That's buhari
1292025621019844608 2020-08-08 10:11:27 W. Central Africa Standard Time <osynkem> Buhari deceived so many, but glad am not among.
1291125349737041921 2020-08-05 22:34:05 W. Central Africa Standard Time <UBAGroup> The #UBABumperAccount rewards you for saving!   With just N5,000, you stand a chance to win N100,000 monthly shopping allowance for a year!!! Click to open now and you might be one of our lucky winners this month! #AfricasGlobalBank
1292025599951867904 2020-08-08 10:11:22 W. Central Africa Standard Time <LNCtoday> NIGERIA AT A GLANCE WITH #LNCHeadlines on #Saturday @HOAction @Dann_10 @drakindayomi @RBiakpara @CACCOT1 @HOBMakanju @The_Seeker76 @dunua @MR05AKS ‚úÖBUHARI: APC MUST NOT LOSE EDO!  ‚úÖADEBANJO: WHY I‚ÄôLL OPPOSE TINUBU‚ÄôS BID!  ‚úÖEZEIFE: NO IGBO PRESIDENT, NO NIGERIA IN 2023!  pic.twitter.com/CkovXox8e1
1292025592653766657 2020-08-08 10:11:20 W. Central Africa Standard Time <Felixbee_> Even Aisha Buhari had to fly to Dubai to treat her neck. I keep my fingers crossedü§û
1292025556721164290 2020-08-08 10:11:12 W. Central Africa Standard Time <NgoesinaI> Take your presidency but don't forget to use it and better the lives of your people in the north. Most importantly use it to stop the killings in the north. But since Buhari can't stop the killings in Daura and I don't think being president is the solution to northern poverty.
1292025526668988417 2020-08-08 10:11:04 W. Central Africa Standard Time <the2ummus> Forever, it would go in record that Nigeria made the WORST mistake of its life,  voting in Buhari as the president.  This has brought  Corruption  Death Disease Kidnapping Poverty  Inflation(e.g cost of rice) Poor education system Dis-unity Violence Thuggery....
1292025469890691072 2020-08-08 10:10:51 W. Central Africa Standard Time <OlamilekanAbid6> Concerning this aisha buhari trip to treat herself in Dubai, have come to conclude that, most people especially from North don't have sense on this bed App. Shior üòíüòî
1292025441755074563 2020-08-08 10:10:44 W. Central Africa Standard Time <iamEEBluno> Can TINUBU just shut up & stop masterbating on edo state politics.  Does he think EDO people are cowards like some in Lagos, was he blind when Buhari thugs in uniform flog peaceful protesters & stole from them.  If he is into drugs which I dont doubt, he shud know when to talkü§°
1292025404396654592 2020-08-08 10:10:35 W. Central Africa Standard Time <BarisGibiGez> Dolayƒ±sƒ±yla deri √ºzerinde tabaka olu≈üturmayan, kƒ±na (Buh√¢r√Æ, Lib√¢s, 66; ƒ∞bn M√¢ce, Lib√¢s, 34) sa√ß boyasƒ± ve j√∂le gibi maddeler abdest ve gusle mani deƒüildir.
1292025397463457792 2020-08-08 10:10:34 W. Central Africa Standard Time <IconNoving> Nigeria is one of the biggest  Dubai Source of income Leg pain Dubai  Neck pain Dubai  Stomach pain Dubai  Aisha Buhari  Ncdc  #BBNaija pic.twitter.com/NIz2YGOXYH
1292025306841264128 2020-08-08 10:10:12 W. Central Africa Standard Time <UcheUme84307503> This is my biggest winning since my betting history. Follow @sporti__odd and be a winner also...   #LAYCONtent shasha #NengiTheAlphaFemale  Aisha Buhari thule #Ucl Tinibu Bale Pamela #Ozokeepswinning Neymar Art 2   Barca #RacistBanksMustFall Sarri #benefitsboys Becky Dubai Nicki pic.twitter.com/XeS0lyFPlo
1292025305113202688 2020-08-08 10:10:12 W. Central Africa Standard Time <Khaleelkiru> Duk wanda ya hwad'i wagga magana makiyin baba Buhari na? ü§£
1292025302957334528 2020-08-08 10:10:11 W. Central Africa Standard Time <Stevejayjay7> Buhari is the problem? When will you people stop deceiving yourself? Corruption is in our blood in this country even before Buhari came to the picture so please save this your Buhari is the problem.
1292025296128942080 2020-08-08 10:10:09 W. Central Africa Standard Time <Shakapostng> Edo election: Buhari under ‚Äòfire‚Äô for endorsing Ize-Iyamu despite alleged N700m¬†scam  https://shakapost.com/edo-election-buhari-under-fire-for-endorsing-ize-iyamu-despite-alleged-n700m-scam/¬†‚Ä¶
1292025292358332416 2020-08-08 10:10:09 W. Central Africa Standard Time <OkeZion1> Observe d abnormal shoulder pads & chest pads of d fake buhari & that of sleepy joe biden & obama,@realDonaldTrump @WhiteHouse @SecPompeo @StateDept @IvankaTrump @SecretService @DHSgov @w_terrence pic.twitter.com/JuvMh5Or13
1292025285681045505 2020-08-08 10:10:07 W. Central Africa Standard Time <SholaEgbetayo> What are you trying to tell us? Every member of this Buhari regime is corrupt! It will be much honorable if they can resign.
1292025207939637248 2020-08-08 10:09:48 W. Central Africa Standard Time <Balokym1> Have a lovely weekend Guys ‚ù§Ô∏èü•∞  Follow anyone that likes   #BBNaija Tinubu Aisha Buhari #benefitsboys pic.twitter.com/4keTBI7KBr
1292025178537504771 2020-08-08 10:09:41 W. Central Africa Standard Time <wealthy_yute> Imagine having a neck pain and you had to be flown abroad for treatment  In the whole of Aso rock, no single aboniki balm to press Aisha Buhari's neck, she had to be flown to Dubai for a neck treatment? Except ofcourse someone threw her from the roof and she broke her little neck
1292025149802328064 2020-08-08 10:09:35 W. Central Africa Standard Time <Soohm_> You will see. Just continue, m ga emekali g·ªã ihe Buhari na eme mens üòÇüò≠
1292025138599407617 2020-08-08 10:09:32 W. Central Africa Standard Time <Blessuche7> First extinguish cloned Facebook President Jubrin from Sudan acting as real buhari  pic.twitter.com/7rAkIQo85r
1292025102700290049 2020-08-08 10:09:23 W. Central Africa Standard Time <ATOMTGOLD> Atleast we know Buhari is an outright fraud and doesn't hide it but you see Prof Osinbajo, he will hide and pretend as if he is the good guy and has no hand in this administration
1292025068759977985 2020-08-08 10:09:15 W. Central Africa Standard Time <EvolisticT> Three people that made me to come to the conclusion that Gen Buhari is not fighting corruption are Gov Ganduje of Kano, Minister of Niger Delta,Godswill Akoabio and Ize- Iyamu of Edo state. These men have serious corruption cases hanging on their necks.
1291125349737041921 2020-08-05 22:34:05 W. Central Africa Standard Time <UBAGroup> The #UBABumperAccount rewards you for saving!   With just N5,000, you stand a chance to win N100,000 monthly shopping allowance for a year!!! Click to open now and you might be one of our lucky winners this month! #AfricasGlobalBank
1292025034882592769 2020-08-08 10:09:07 W. Central Africa Standard Time <RevolutionNowNg> Our democracy is under serious siege by the buhari regime.  #FreeSocialistNow #FreeMandateNow pic.twitter.com/PWJImEkN2Z
1292025034807169024 2020-08-08 10:09:07 W. Central Africa Standard Time <WhoJustCalledM2> Enyia mechie ·ªçn·ª• ns·ªã. Are you living by the standard you are preaching? What was your first statement about IPOB? Comparing us with Buhari's supporters is not insult in your dysfunctional brain right? Amadioha ma gbu kwa g·ªã There. E-diot. Itibolibo forming WOKENNESS. Eze ule.
1292025003534409729 2020-08-08 10:09:00 W. Central Africa Standard Time <im_afoke> June 2, 2016- President Buhari, represented by Vice President Yemi Osinbajo, flagged off the Implementation of the UNEP Report on Ogoniland and other impacted sites, aka Ogoni Clean-Up. #OsinbajoDay
1292024972605562880 2020-08-08 10:08:52 W. Central Africa Standard Time <abatimedia> Plans by Anambra monarchs to meet Buhari fails - Obiano  https://www.reubenabati.com.ng/index.php/component/k2/item/17187-plans-by-anambra-monarchs-to-meet-buhari-fails-obiano/post¬†‚Ä¶
1292024954037440512 2020-08-08 10:08:48 W. Central Africa Standard Time <LeadersNG> Edo Guber: Buhari Urges APC To Avoid Rivers, Zamfara Experiences  https://leaders.ng/edo-guber-buhari-urges-apc-to-avoid-rivers-zamfara-experiences/¬†‚Ä¶
1292024943132258304 2020-08-08 10:08:45 W. Central Africa Standard Time <nattiveinc> You guys should leave Aisha Buhari alone, many of you will fly to Uk to buy paracetamol if voted as a local government chairman
1292024920415895554 2020-08-08 10:08:40 W. Central Africa Standard Time <kennyoamusan> Oga Buhari we few beg o, make Nigeria no go scatter for your headi  http://o.No¬† employment for the youths and security no improve. Inflation don dey bit the roof still govt.
1292024904670486529 2020-08-08 10:08:36 W. Central Africa Standard Time <dj_jessejay> There are only two high paying jobs in Nigeria. Politics and church. If politicians discourage you, church will encourage you.  Lagos | Tinubu | Aisha Buhari | Dubai | omokehinde | MESSI | Obasaki | Napoli | Amen | Asiwaju Chef Amaka Chelsea Bayern
1292024898630684673 2020-08-08 10:08:35 W. Central Africa Standard Time <onyeigboasef> Lmaooooooo nya Persona non Grata ka I na apiazim maka nam kwuuu eziokwu?  Emeee I maputa koba Buhari onu na osi ka apiaaa protesters itali ü§£ü§£ü§£ü§£ü§£ü§£ü§£
1292024821493243904 2020-08-08 10:08:16 W. Central Africa Standard Time <Ifeabunike> Campaigning for Buhari again after the mess of 2015-19 is quite something learned colleague
1292024783853371393 2020-08-08 10:08:07 W. Central Africa Standard Time <NigeriaNewsdesk> Bayelsa Governor Bash Buhari Over Federal Appointments  https://www.naijanews.com/2020/08/08/bayelsa-governor-bash-buhari-over-federal-appointments/¬†‚Ä¶ via @naijanews
1292024745114963968 2020-08-08 10:07:58 W. Central Africa Standard Time <R_Thobykov> The only acceptable explanation as to the cause of Aisha Buhari's neck pain that required flying her out to Dubai is if she was the snake and monkey that swallowed JAMB's N36m and Northerner Senators' N70m that year and surgery is required to take the money out.
1292024650361442305 2020-08-08 10:07:35 W. Central Africa Standard Time <1st9ja> Didn't know this oldman is this shameless. PLS keep your twisted implementation of constructional democracy to SW. With all the problems U greedily brought on the land by marketing  BUHARI, a "bad product", it's Edo that is your problem. FYI Dem say ISIS dey come SW, be worried.
1292024643612745728 2020-08-08 10:07:34 W. Central Africa Standard Time <BuhariA61567882> Fiction
1292024599971012608 2020-08-08 10:07:23 W. Central Africa Standard Time <Newspostngr> Aisha Buhari flown abroad for medical treatment .......... Nigeria's First Lady, Aisha Buhari, has been flown abroad for medical treatment, according to Daily Trust. The First Lady left Nigeria for Dubai, UAE over the Sallah weekend due to... READ MORE>>>  http://bit.ly/2PzopwB¬† pic.twitter.com/kEs4vtkrpZ
1292024598259740673 2020-08-08 10:07:23 W. Central Africa Standard Time <nornnie> I believe that one will go back to APC once reelected. Did he not call Buhari his father a few weeks ago?  https://twitter.com/iykimo/status/1291987183247687680¬†‚Ä¶
1292024559751909377 2020-08-08 10:07:14 W. Central Africa Standard Time <IconNoving> Traveling to Dubai  Because of neck pain  Oh Jesus   Aisha Buhari #lockdown #BBNaijialockdown2020 #benefitsboys pic.twitter.com/AuAlsA2ePt
1292024556266442752 2020-08-08 10:07:13 W. Central Africa Standard Time <ckelvin0911> And I keep saying it...we are not ready to face the truth.  We have governors, HORM, Senators and all of them...bit we'll skip them and blame Buhari for the bad road leading to your own father's house..ü§¨
1292024483868540929 2020-08-08 10:06:56 W. Central Africa Standard Time <vistanewsng> Nigeria''s First Lady, Aisha Buhari, has been flown to Dubai, United Arab Emirates to receive medical attention over for a persistent neck pain.  https://vista.ng/news/panic-in-aso-rock-as-nigerian-first-lady-is-flown-abroad-over-strange-ailment/¬†‚Ä¶ pic.twitter.com/Ney2LrL9qC
